{"cameraMode":{"drawMode":0,"name":"Shaded","section":"Shading Mode"},"sceneLighting":true,"audioPlay":false,"sceneViewState":{"showFog":true,"showMaterialUpdate":false,"showSkybox":true,"showFlares":true,"showImageEffects":true,"showParticleSystems":true},"in2DMode":false,"pivot":{"x":333.42095947265627,"y":141.8830108642578,"z":-87.7330093383789},"rotation":{"x":0.06475701928138733,"y":-0.014972908422350884,"z":0.0009715154301375151,"w":0.9977896809577942},"size":70.91844940185547,"orthographic":false}